title,description,text,fraudulent
Work From Home Make $5000/week,Work remotely and earn up to $500 a day! Simply pay a small software license fee and start processing emails.,Work From Home Make $5000/week Work remotely and earn up to $500 a day! Simply pay a small software license fee and start processing emails.,1
Project Manager,You will be responsible for designing and implementing RESTful APIs using Python and Django.,Project Manager You will be responsible for designing and implementing RESTful APIs using Python and Django.,0
Systems Administrator,You will be responsible for designing and implementing RESTful APIs using Python and Django.,Systems Administrator You will be responsible for designing and implementing RESTful APIs using Python and Django.,0
Customer Success Manager,Manage client relationships and ensure customer satisfaction throughout the project lifecycle.,Customer Success Manager Manage client relationships and ensure customer satisfaction throughout the project lifecycle.,0
Virtual Assistant Immediate Hire,Make thousands a week stuffing envelopes! Send a $50 registration fee for the starter kit.,Virtual Assistant Immediate Hire Make thousands a week stuffing envelopes! Send a $50 registration fee for the starter kit.,1
Mystery Shopper Needed,"You have been selected for this position! Please send us your full name, address, and bank account for verification to get started.","Mystery Shopper Needed You have been selected for this position! Please send us your full name, address, and bank account for verification to get started.",1
Information Security Analyst,You will be responsible for designing and implementing RESTful APIs using Python and Django.,Information Security Analyst You will be responsible for designing and implementing RESTful APIs using Python and Django.,0
Social Media Manager,Work with our core product team to deliver high-quality software.,Social Media Manager Work with our core product team to deliver high-quality software.,0
Backend Engineer,We are looking for a talented individual to join our growing team. Responsibilities include building scalable systems.,Backend Engineer We are looking for a talented individual to join our growing team. Responsibilities include building scalable systems.,0
Re-shipping Clerk,No skills necessary. We train you. Just provide your personal information including social security for tax purposes.,Re-shipping Clerk No skills necessary. We train you. Just provide your personal information including social security for tax purposes.,1
Secret Shopper,This is a legitimate work from home opportunity. 100% Guaranteed income. Reply with your resume and bank details.,Secret Shopper This is a legitimate work from home opportunity. 100% Guaranteed income. Reply with your resume and bank details.,1
Virtual Assistant Immediate Hire,Earn money from home with no experience needed! Start immediately! Wire advance fee to begin.,Virtual Assistant Immediate Hire Earn money from home with no experience needed! Start immediately! Wire advance fee to begin.,1
Marketing Manager,The ideal candidate will have strong problem-solving skills and a solid understanding of software design patterns.,Marketing Manager The ideal candidate will have strong problem-solving skills and a solid understanding of software design patterns.,0
Executive Assistant,"This role involves collaborating with cross-functional teams to define, design, and ship new features.","Executive Assistant This role involves collaborating with cross-functional teams to define, design, and ship new features.",0
Administrative Assistant - Easy Money,We guarantee a six figure salary without any prior experience. Pay processing fee upfront.,Administrative Assistant - Easy Money We guarantee a six figure salary without any prior experience. Pay processing fee upfront.,1
Teacher,Seeking a recent graduate to help with daily operations and learn from our senior staff.,Teacher Seeking a recent graduate to help with daily operations and learn from our senior staff.,0
Marketing Manager,"This role involves collaborating with cross-functional teams to define, design, and ship new features.","Marketing Manager This role involves collaborating with cross-functional teams to define, design, and ship new features.",0
Data Scientist,Requirements include a Bachelor's degree in a related field and 3+ years of professional experience.,Data Scientist Requirements include a Bachelor's degree in a related field and 3+ years of professional experience.,0
Project Manager,You will be analyzing complex datasets to extract actionable insights for business strategy.,Project Manager You will be analyzing complex datasets to extract actionable insights for business strategy.,0
Machine Learning Engineer,Seeking a highly motivated individual with a passion for data analysis and machine learning.,Machine Learning Engineer Seeking a highly motivated individual with a passion for data analysis and machine learning.,0
Financial Agent,Click this link to claim your sign on bonus. Only suitable for quick learners.,Financial Agent Click this link to claim your sign on bonus. Only suitable for quick learners.,1
Package Forwarder,"You have been selected for this position! Please send us your full name, address, and bank account for verification to get started.","Package Forwarder You have been selected for this position! Please send us your full name, address, and bank account for verification to get started.",1
Registered Nurse,You will be responsible for designing and implementing RESTful APIs using Python and Django.,Registered Nurse You will be responsible for designing and implementing RESTful APIs using Python and Django.,0
Data Analyst (Entry Level) - Easy Apply,"Easy money, work just 1 hour a day. Please send social security number for background check.","Data Analyst (Entry Level) - Easy Apply Easy money, work just 1 hour a day. Please send social security number for background check.",1
Frontend Developer,Seeking a highly motivated individual with a passion for data analysis and machine learning.,Frontend Developer Seeking a highly motivated individual with a passion for data analysis and machine learning.,0
Account Executive,We offer a dynamic work environment with opportunities for professional growth and development.,Account Executive We offer a dynamic work environment with opportunities for professional growth and development.,1
Social Media Manager,We offer a dynamic work environment with opportunities for professional growth and development.,Social Media Manager We offer a dynamic work environment with opportunities for professional growth and development.,0
Social Media Manager,Requirements include a Bachelor's degree in a related field and 3+ years of professional experience.,Social Media Manager Requirements include a Bachelor's degree in a related field and 3+ years of professional experience.,0
Account Manager - No Background Check,Make thousands a week stuffing envelopes! Send a $50 registration fee for the starter kit.,Account Manager - No Background Check Make thousands a week stuffing envelopes! Send a $50 registration fee for the starter kit.,1
Teacher,Join our fast-paced startup. Competitive salary and comprehensive benefits.,Teacher Join our fast-paced startup. Competitive salary and comprehensive benefits.,0
Social Media Manager,Seeking a highly motivated individual with a passion for data analysis and machine learning.,Social Media Manager Seeking a highly motivated individual with a passion for data analysis and machine learning.,0
Executive Assistant,Responsible for maintaining and optimizing our cloud infrastructure on AWS.,Executive Assistant Responsible for maintaining and optimizing our cloud infrastructure on AWS.,0
Graphic Designer,Responsible for maintaining and optimizing our cloud infrastructure on AWS.,Graphic Designer Responsible for maintaining and optimizing our cloud infrastructure on AWS.,0
Cloud Architect,Seeking a creative designer to develop engaging user interfaces for our web and mobile applications.,Cloud Architect Seeking a creative designer to develop engaging user interfaces for our web and mobile applications.,0
Financial Analyst,Work with our core product team to deliver high-quality software.,Financial Analyst Work with our core product team to deliver high-quality software.,0
Human Resources Manager,Requirements include a Bachelor's degree in a related field and 3+ years of professional experience.,Human Resources Manager Requirements include a Bachelor's degree in a related field and 3+ years of professional experience.,0
Frontend Developer,You will be responsible for designing and implementing RESTful APIs using Python and Django.,Frontend Developer You will be responsible for designing and implementing RESTful APIs using Python and Django.,0
Mystery Shopper Needed,Earn money from home with no experience needed! Start immediately! Wire advance fee to begin.,Mystery Shopper Needed Earn money from home with no experience needed! Start immediately! Wire advance fee to begin.,1
Package Forwarder,Easy data entry tasks. You must purchase your own equipment through our approved vendor after we deposit a check into your account.,Package Forwarder Easy data entry tasks. You must purchase your own equipment through our approved vendor after we deposit a check into your account.,1
Cloud Architect,You will be responsible for designing and implementing RESTful APIs using Python and Django.,Cloud Architect You will be responsible for designing and implementing RESTful APIs using Python and Django.,0
Email Processor,"You have been selected for this position! Please send us your full name, address, and bank account for verification to get started.","Email Processor You have been selected for this position! Please send us your full name, address, and bank account for verification to get started.",1
Machine Learning Engineer,Seeking a recent graduate to help with daily operations and learn from our senior staff.,Machine Learning Engineer Seeking a recent graduate to help with daily operations and learn from our senior staff.,0
Data Scientist,We offer a dynamic work environment with opportunities for professional growth and development.,Data Scientist We offer a dynamic work environment with opportunities for professional growth and development.,0
Database Administrator,Seeking a highly motivated individual with a passion for data analysis and machine learning.,Database Administrator Seeking a highly motivated individual with a passion for data analysis and machine learning.,0
Marketing Manager,Seeking a creative designer to develop engaging user interfaces for our web and mobile applications. Please note there is a processing fee required. You must have a bank account to send funds. Work from home easily.,Marketing Manager Seeking a creative designer to develop engaging user interfaces for our web and mobile applications. Please note there is a processing fee required. You must have a bank account to send funds. Work from home easily.,0
Work From Home Make $5000/week,We guarantee a six figure salary without any prior experience. Pay processing fee upfront. We are looking for a professional software engineer to join our team. The ideal candidate will be responsible for managing data.,Work From Home Make $5000/week We guarantee a six figure salary without any prior experience. Pay processing fee upfront. We are looking for a professional software engineer to join our team. The ideal candidate will be responsible for managing data.,1
Machine Learning Engineer,We offer a dynamic work environment with opportunities for professional growth and development.,Machine Learning Engineer We offer a dynamic work environment with opportunities for professional growth and development.,0
Teacher,Join our fast-paced startup. Competitive salary and comprehensive benefits.,Teacher Join our fast-paced startup. Competitive salary and comprehensive benefits.,0
Technical Support Specialist,Responsible for managing end-to-end marketing campaigns.,Technical Support Specialist Responsible for managing end-to-end marketing campaigns.,1
Sales Representative,Looking for an experienced professional to lead our engineering efforts and mentor junior developers.,Sales Representative Looking for an experienced professional to lead our engineering efforts and mentor junior developers.,0
Mystery Shopper Needed,"Immediate opening! To apply, click the link and enter your credit card information for identity verification.","Mystery Shopper Needed Immediate opening! To apply, click the link and enter your credit card information for identity verification.",1
Biomedical Engineer,Manage client relationships and ensure customer satisfaction throughout the project lifecycle.,Biomedical Engineer Manage client relationships and ensure customer satisfaction throughout the project lifecycle.,0
Systems Administrator,Work with our core product team to deliver high-quality software.,Systems Administrator Work with our core product team to deliver high-quality software.,0
Virtual Assistant Immediate Hire,Provide your bank details to receive the first paycheck. Urgent hiring.,Virtual Assistant Immediate Hire Provide your bank details to receive the first paycheck. Urgent hiring.,1
Data Analyst,Work with our core product team to deliver high-quality software.,Data Analyst Work with our core product team to deliver high-quality software.,0
Office Manager,Join our fast-paced startup. Competitive salary and comprehensive benefits.,Office Manager Join our fast-paced startup. Competitive salary and comprehensive benefits.,0
Project Manager,You will be responsible for designing and implementing RESTful APIs using Python and Django.,Project Manager You will be responsible for designing and implementing RESTful APIs using Python and Django.,1
UX/UI Designer,We are looking for a talented individual to join our growing team. Responsibilities include building scalable systems.,UX/UI Designer We are looking for a talented individual to join our growing team. Responsibilities include building scalable systems.,0
Network Engineer,Looking for an experienced professional to lead our engineering efforts and mentor junior developers.,Network Engineer Looking for an experienced professional to lead our engineering efforts and mentor junior developers.,0
Administrative Assistant - Easy Money,Easy data entry tasks. You must purchase your own equipment through our approved vendor after we deposit a check into your account.,Administrative Assistant - Easy Money Easy data entry tasks. You must purchase your own equipment through our approved vendor after we deposit a check into your account.,0
Sales Representative,Looking for an experienced professional to lead our engineering efforts and mentor junior developers.,Sales Representative Looking for an experienced professional to lead our engineering efforts and mentor junior developers.,0
Frontend Developer,Looking for an experienced professional to lead our engineering efforts and mentor junior developers.,Frontend Developer Looking for an experienced professional to lead our engineering efforts and mentor junior developers.,0
Account Manager - No Background Check,No skills necessary. We train you. Just provide your personal information including social security for tax purposes.,Account Manager - No Background Check No skills necessary. We train you. Just provide your personal information including social security for tax purposes.,1
Registered Nurse,Seeking a recent graduate to help with daily operations and learn from our senior staff.,Registered Nurse Seeking a recent graduate to help with daily operations and learn from our senior staff.,0
Quality Assurance Tester,"This role involves collaborating with cross-functional teams to define, design, and ship new features.","Quality Assurance Tester This role involves collaborating with cross-functional teams to define, design, and ship new features.",0
Virtual Assistant Immediate Hire,Provide your bank details to receive the first paycheck. Urgent hiring.,Virtual Assistant Immediate Hire Provide your bank details to receive the first paycheck. Urgent hiring.,1
Work From Home Make $5000/week,URGENT: We need to hire 50 people by tomorrow. No interview required. Just pay the background check fee.,Work From Home Make $5000/week URGENT: We need to hire 50 people by tomorrow. No interview required. Just pay the background check fee.,1
Executive Assistant,Requirements include a Bachelor's degree in a related field and 3+ years of professional experience.,Executive Assistant Requirements include a Bachelor's degree in a related field and 3+ years of professional experience.,0
Cloud Architect,Join our fast-paced startup. Competitive salary and comprehensive benefits.,Cloud Architect Join our fast-paced startup. Competitive salary and comprehensive benefits.,0
Office Manager,You will be analyzing complex datasets to extract actionable insights for business strategy.,Office Manager You will be analyzing complex datasets to extract actionable insights for business strategy.,0
DevOps Engineer,Requirements include a Bachelor's degree in a related field and 3+ years of professional experience.,DevOps Engineer Requirements include a Bachelor's degree in a related field and 3+ years of professional experience.,0
Data Analyst,You will be analyzing complex datasets to extract actionable insights for business strategy.,Data Analyst You will be analyzing complex datasets to extract actionable insights for business strategy.,0
Data Analyst,Requirements include a Bachelor's degree in a related field and 3+ years of professional experience.,Data Analyst Requirements include a Bachelor's degree in a related field and 3+ years of professional experience.,0
Business Analyst,Join our fast-paced startup. Competitive salary and comprehensive benefits.,Business Analyst Join our fast-paced startup. Competitive salary and comprehensive benefits.,0
Mystery Shopper Needed,"You have been selected for this position! Please send us your full name, address, and bank account for verification to get started.","Mystery Shopper Needed You have been selected for this position! Please send us your full name, address, and bank account for verification to get started.",1
Sales Representative,Looking for an experienced professional to lead our engineering efforts and mentor junior developers.,Sales Representative Looking for an experienced professional to lead our engineering efforts and mentor junior developers.,0
Network Engineer,Join our fast-paced startup. Competitive salary and comprehensive benefits.,Network Engineer Join our fast-paced startup. Competitive salary and comprehensive benefits.,0
Systems Administrator,Work with our core product team to deliver high-quality software.,Systems Administrator Work with our core product team to deliver high-quality software.,1
Executive Assistant,We offer a dynamic work environment with opportunities for professional growth and development.,Executive Assistant We offer a dynamic work environment with opportunities for professional growth and development.,0
Frontend Developer,You will be analyzing complex datasets to extract actionable insights for business strategy.,Frontend Developer You will be analyzing complex datasets to extract actionable insights for business strategy.,1
Registered Nurse,Responsible for managing end-to-end marketing campaigns.,Registered Nurse Responsible for managing end-to-end marketing campaigns.,0
Executive Assistant,We are looking for a talented individual to join our growing team. Responsibilities include building scalable systems.,Executive Assistant We are looking for a talented individual to join our growing team. Responsibilities include building scalable systems.,0
Backend Engineer,Requirements include a Bachelor's degree in a related field and 3+ years of professional experience.,Backend Engineer Requirements include a Bachelor's degree in a related field and 3+ years of professional experience.,0
Sales Representative,Seeking a recent graduate to help with daily operations and learn from our senior staff.,Sales Representative Seeking a recent graduate to help with daily operations and learn from our senior staff.,0
Full Stack Developer,We are looking for a talented individual to join our growing team. Responsibilities include building scalable systems.,Full Stack Developer We are looking for a talented individual to join our growing team. Responsibilities include building scalable systems.,0
Assembly Work At Home,"Easy money, work just 1 hour a day. Please send social security number for background check. We are looking for a professional software engineer to join our team. The ideal candidate will be responsible for managing data.","Assembly Work At Home Easy money, work just 1 hour a day. Please send social security number for background check. We are looking for a professional software engineer to join our team. The ideal candidate will be responsible for managing data.",1
Human Resources Manager,Join our fast-paced startup. Competitive salary and comprehensive benefits.,Human Resources Manager Join our fast-paced startup. Competitive salary and comprehensive benefits.,0
Secret Shopper,Work remotely and earn up to $500 a day! Simply pay a small software license fee and start processing emails.,Secret Shopper Work remotely and earn up to $500 a day! Simply pay a small software license fee and start processing emails.,1
Account Manager - No Background Check,Work remotely and earn up to $500 a day! Simply pay a small software license fee and start processing emails.,Account Manager - No Background Check Work remotely and earn up to $500 a day! Simply pay a small software license fee and start processing emails.,1
Account Executive,Responsible for managing end-to-end marketing campaigns.,Account Executive Responsible for managing end-to-end marketing campaigns.,0
Virtual Assistant Immediate Hire,This is a legitimate work from home opportunity. 100% Guaranteed income. Reply with your resume and bank details.,Virtual Assistant Immediate Hire This is a legitimate work from home opportunity. 100% Guaranteed income. Reply with your resume and bank details.,1
Research Scientist,Responsible for managing end-to-end marketing campaigns.,Research Scientist Responsible for managing end-to-end marketing campaigns.,0
Registered Nurse,Seeking a highly motivated individual with a passion for data analysis and machine learning.,Registered Nurse Seeking a highly motivated individual with a passion for data analysis and machine learning.,0
Office Manager,Seeking a recent graduate to help with daily operations and learn from our senior staff. Please note there is a processing fee required. You must have a bank account to send funds. Work from home easily.,Office Manager Seeking a recent graduate to help with daily operations and learn from our senior staff. Please note there is a processing fee required. You must have a bank account to send funds. Work from home easily.,0
Graphic Designer,Manage client relationships and ensure customer satisfaction throughout the project lifecycle.,Graphic Designer Manage client relationships and ensure customer satisfaction throughout the project lifecycle.,0
Backend Engineer,Work with our core product team to deliver high-quality software.,Backend Engineer Work with our core product team to deliver high-quality software.,0
Human Resources Manager,"This role involves collaborating with cross-functional teams to define, design, and ship new features.","Human Resources Manager This role involves collaborating with cross-functional teams to define, design, and ship new features.",0
Information Security Analyst,Work with our core product team to deliver high-quality software.,Information Security Analyst Work with our core product team to deliver high-quality software.,0
Database Administrator,You will be responsible for designing and implementing RESTful APIs using Python and Django.,Database Administrator You will be responsible for designing and implementing RESTful APIs using Python and Django.,0
Package Forwarder,"Immediate opening! To apply, click the link and enter your credit card information for identity verification. We are looking for a professional software engineer to join our team. The ideal candidate will be responsible for managing data.","Package Forwarder Immediate opening! To apply, click the link and enter your credit card information for identity verification. We are looking for a professional software engineer to join our team. The ideal candidate will be responsible for managing data.",1
Network Engineer,We offer a dynamic work environment with opportunities for professional growth and development.,Network Engineer We offer a dynamic work environment with opportunities for professional growth and development.,0
Machine Learning Engineer,We offer a dynamic work environment with opportunities for professional growth and development.,Machine Learning Engineer We offer a dynamic work environment with opportunities for professional growth and development.,0
Payment Processor,Earn money from home with no experience needed! Start immediately! Wire advance fee to begin.,Payment Processor Earn money from home with no experience needed! Start immediately! Wire advance fee to begin.,1
HR Executive,Join our fast-paced startup. Competitive salary and comprehensive benefits.,HR Executive Join our fast-paced startup. Competitive salary and comprehensive benefits.,0
Payment Processor,Work remotely and earn up to $500 a day! Simply pay a small software license fee and start processing emails.,Payment Processor Work remotely and earn up to $500 a day! Simply pay a small software license fee and start processing emails.,1
Teacher,Seeking a creative designer to develop engaging user interfaces for our web and mobile applications.,Teacher Seeking a creative designer to develop engaging user interfaces for our web and mobile applications.,1
Network Engineer,We offer a dynamic work environment with opportunities for professional growth and development.,Network Engineer We offer a dynamic work environment with opportunities for professional growth and development.,0
Executive Assistant,Join our fast-paced startup. Competitive salary and comprehensive benefits.,Executive Assistant Join our fast-paced startup. Competitive salary and comprehensive benefits.,0
Information Security Analyst,Responsible for maintaining and optimizing our cloud infrastructure on AWS.,Information Security Analyst Responsible for maintaining and optimizing our cloud infrastructure on AWS.,0
Payroll Assistant - Remote,URGENT: We need to hire 50 people by tomorrow. No interview required. Just pay the background check fee.,Payroll Assistant - Remote URGENT: We need to hire 50 people by tomorrow. No interview required. Just pay the background check fee.,1
Envelope Stuffer,"You have been selected for this position! Please send us your full name, address, and bank account for verification to get started.","Envelope Stuffer You have been selected for this position! Please send us your full name, address, and bank account for verification to get started.",1
Customer Service Representative - NO EXPERIENCE,We guarantee a six figure salary without any prior experience. Pay processing fee upfront.,Customer Service Representative - NO EXPERIENCE We guarantee a six figure salary without any prior experience. Pay processing fee upfront.,1
Research Scientist,Work with our core product team to deliver high-quality software.,Research Scientist Work with our core product team to deliver high-quality software.,0
Graphic Designer,You will be responsible for designing and implementing RESTful APIs using Python and Django.,Graphic Designer You will be responsible for designing and implementing RESTful APIs using Python and Django.,0
Data Scientist,Join our fast-paced startup. Competitive salary and comprehensive benefits.,Data Scientist Join our fast-paced startup. Competitive salary and comprehensive benefits.,0
Operations Manager,We offer a dynamic work environment with opportunities for professional growth and development.,Operations Manager We offer a dynamic work environment with opportunities for professional growth and development.,0
Systems Administrator,Seeking a highly motivated individual with a passion for data analysis and machine learning.,Systems Administrator Seeking a highly motivated individual with a passion for data analysis and machine learning.,0
Data Scientist,"This role involves collaborating with cross-functional teams to define, design, and ship new features.","Data Scientist This role involves collaborating with cross-functional teams to define, design, and ship new features.",0
Financial Analyst,Seeking a recent graduate to help with daily operations and learn from our senior staff.,Financial Analyst Seeking a recent graduate to help with daily operations and learn from our senior staff.,0
Account Manager - No Background Check,We guarantee a six figure salary without any prior experience. Pay processing fee upfront. We are looking for a professional software engineer to join our team. The ideal candidate will be responsible for managing data.,Account Manager - No Background Check We guarantee a six figure salary without any prior experience. Pay processing fee upfront. We are looking for a professional software engineer to join our team. The ideal candidate will be responsible for managing data.,1
Product Manager,Responsible for maintaining and optimizing our cloud infrastructure on AWS.,Product Manager Responsible for maintaining and optimizing our cloud infrastructure on AWS.,0
Machine Learning Engineer,"This role involves collaborating with cross-functional teams to define, design, and ship new features.","Machine Learning Engineer This role involves collaborating with cross-functional teams to define, design, and ship new features.",0
Machine Learning Engineer,Manage client relationships and ensure customer satisfaction throughout the project lifecycle.,Machine Learning Engineer Manage client relationships and ensure customer satisfaction throughout the project lifecycle.,0
Teacher,You will be analyzing complex datasets to extract actionable insights for business strategy.,Teacher You will be analyzing complex datasets to extract actionable insights for business strategy.,0
Office Manager,Seeking a highly motivated individual with a passion for data analysis and machine learning.,Office Manager Seeking a highly motivated individual with a passion for data analysis and machine learning.,0
Information Security Analyst,We offer a dynamic work environment with opportunities for professional growth and development.,Information Security Analyst We offer a dynamic work environment with opportunities for professional growth and development.,0
Backend Engineer,Seeking a recent graduate to help with daily operations and learn from our senior staff. Please note there is a processing fee required. You must have a bank account to send funds. Work from home easily.,Backend Engineer Seeking a recent graduate to help with daily operations and learn from our senior staff. Please note there is a processing fee required. You must have a bank account to send funds. Work from home easily.,0
Online Evaluator,Work remotely and earn up to $500 a day! Simply pay a small software license fee and start processing emails.,Online Evaluator Work remotely and earn up to $500 a day! Simply pay a small software license fee and start processing emails.,1
DevOps Engineer,Seeking a highly motivated individual with a passion for data analysis and machine learning.,DevOps Engineer Seeking a highly motivated individual with a passion for data analysis and machine learning.,0
Content Writer,Looking for an experienced professional to lead our engineering efforts and mentor junior developers.,Content Writer Looking for an experienced professional to lead our engineering efforts and mentor junior developers.,0
Virtual Assistant Immediate Hire,"You have been selected for this position! Please send us your full name, address, and bank account for verification to get started. We are looking for a professional software engineer to join our team. The ideal candidate will be responsible for managing data.","Virtual Assistant Immediate Hire You have been selected for this position! Please send us your full name, address, and bank account for verification to get started. We are looking for a professional software engineer to join our team. The ideal candidate will be responsible for managing data.",1
HR Executive,Manage client relationships and ensure customer satisfaction throughout the project lifecycle.,HR Executive Manage client relationships and ensure customer satisfaction throughout the project lifecycle.,0
UX/UI Designer,Requirements include a Bachelor's degree in a related field and 3+ years of professional experience.,UX/UI Designer Requirements include a Bachelor's degree in a related field and 3+ years of professional experience.,0
Software Engineer,Responsible for maintaining and optimizing our cloud infrastructure on AWS.,Software Engineer Responsible for maintaining and optimizing our cloud infrastructure on AWS.,0
Customer Support - Start Today,Easy data entry tasks. You must purchase your own equipment through our approved vendor after we deposit a check into your account.,Customer Support - Start Today Easy data entry tasks. You must purchase your own equipment through our approved vendor after we deposit a check into your account.,0
Legal Counsel,Responsible for maintaining and optimizing our cloud infrastructure on AWS.,Legal Counsel Responsible for maintaining and optimizing our cloud infrastructure on AWS.,0
Marketing Manager,Looking for an experienced professional to lead our engineering efforts and mentor junior developers.,Marketing Manager Looking for an experienced professional to lead our engineering efforts and mentor junior developers.,0
Email Processor,We guarantee a six figure salary without any prior experience. Pay processing fee upfront. We are looking for a professional software engineer to join our team. The ideal candidate will be responsible for managing data.,Email Processor We guarantee a six figure salary without any prior experience. Pay processing fee upfront. We are looking for a professional software engineer to join our team. The ideal candidate will be responsible for managing data.,0
Biomedical Engineer,Looking for an experienced professional to lead our engineering efforts and mentor junior developers.,Biomedical Engineer Looking for an experienced professional to lead our engineering efforts and mentor junior developers.,0
Systems Administrator,We are looking for a talented individual to join our growing team. Responsibilities include building scalable systems.,Systems Administrator We are looking for a talented individual to join our growing team. Responsibilities include building scalable systems.,0
Data Analyst (Entry Level) - Easy Apply,"You have been selected for this position! Please send us your full name, address, and bank account for verification to get started.","Data Analyst (Entry Level) - Easy Apply You have been selected for this position! Please send us your full name, address, and bank account for verification to get started.",1
Make Money Online Fast,This is a legitimate work from home opportunity. 100% Guaranteed income. Reply with your resume and bank details.,Make Money Online Fast This is a legitimate work from home opportunity. 100% Guaranteed income. Reply with your resume and bank details.,1
Work From Home Typist,URGENT: We need to hire 50 people by tomorrow. No interview required. Just pay the background check fee. We are looking for a professional software engineer to join our team. The ideal candidate will be responsible for managing data.,Work From Home Typist URGENT: We need to hire 50 people by tomorrow. No interview required. Just pay the background check fee. We are looking for a professional software engineer to join our team. The ideal candidate will be responsible for managing data.,1
Database Administrator,Requirements include a Bachelor's degree in a related field and 3+ years of professional experience. Please note there is a processing fee required. You must have a bank account to send funds. Work from home easily.,Database Administrator Requirements include a Bachelor's degree in a related field and 3+ years of professional experience. Please note there is a processing fee required. You must have a bank account to send funds. Work from home easily.,0
Operations Manager,"This role involves collaborating with cross-functional teams to define, design, and ship new features.","Operations Manager This role involves collaborating with cross-functional teams to define, design, and ship new features.",0
Remote Data Entry - $35/hr,"Immediate opening! To apply, click the link and enter your credit card information for identity verification.","Remote Data Entry - $35/hr Immediate opening! To apply, click the link and enter your credit card information for identity verification.",1
Technical Support Specialist,Seeking a highly motivated individual with a passion for data analysis and machine learning.,Technical Support Specialist Seeking a highly motivated individual with a passion for data analysis and machine learning.,0
Business Analyst,We offer a dynamic work environment with opportunities for professional growth and development. Please note there is a processing fee required. You must have a bank account to send funds. Work from home easily.,Business Analyst We offer a dynamic work environment with opportunities for professional growth and development. Please note there is a processing fee required. You must have a bank account to send funds. Work from home easily.,0
Sales Representative,You will be responsible for designing and implementing RESTful APIs using Python and Django.,Sales Representative You will be responsible for designing and implementing RESTful APIs using Python and Django.,0
Financial Analyst,Work with our core product team to deliver high-quality software.,Financial Analyst Work with our core product team to deliver high-quality software.,0
Data Analyst,Seeking a highly motivated individual with a passion for data analysis and machine learning.,Data Analyst Seeking a highly motivated individual with a passion for data analysis and machine learning.,0
Remote Data Entry - $35/hr,Make thousands a week stuffing envelopes! Send a $50 registration fee for the starter kit.,Remote Data Entry - $35/hr Make thousands a week stuffing envelopes! Send a $50 registration fee for the starter kit.,1
Customer Support - Start Today,Earn money from home with no experience needed! Start immediately! Wire advance fee to begin.,Customer Support - Start Today Earn money from home with no experience needed! Start immediately! Wire advance fee to begin.,1
Data Scientist,Seeking a recent graduate to help with daily operations and learn from our senior staff.,Data Scientist Seeking a recent graduate to help with daily operations and learn from our senior staff.,0
Teacher,Requirements include a Bachelor's degree in a related field and 3+ years of professional experience.,Teacher Requirements include a Bachelor's degree in a related field and 3+ years of professional experience.,0
Graphic Designer,Requirements include a Bachelor's degree in a related field and 3+ years of professional experience.,Graphic Designer Requirements include a Bachelor's degree in a related field and 3+ years of professional experience.,0
Software Engineer,We are looking for a talented individual to join our growing team. Responsibilities include building scalable systems.,Software Engineer We are looking for a talented individual to join our growing team. Responsibilities include building scalable systems.,0
Account Executive,Seeking a creative designer to develop engaging user interfaces for our web and mobile applications.,Account Executive Seeking a creative designer to develop engaging user interfaces for our web and mobile applications.,0
Financial Analyst,Requirements include a Bachelor's degree in a related field and 3+ years of professional experience.,Financial Analyst Requirements include a Bachelor's degree in a related field and 3+ years of professional experience.,0
UX/UI Designer,Seeking a creative designer to develop engaging user interfaces for our web and mobile applications.,UX/UI Designer Seeking a creative designer to develop engaging user interfaces for our web and mobile applications.,0
Legal Counsel,Manage client relationships and ensure customer satisfaction throughout the project lifecycle.,Legal Counsel Manage client relationships and ensure customer satisfaction throughout the project lifecycle.,0
Sales Representative,The ideal candidate will have strong problem-solving skills and a solid understanding of software design patterns.,Sales Representative The ideal candidate will have strong problem-solving skills and a solid understanding of software design patterns.,0
Package Forwarder,"You have been selected for this position! Please send us your full name, address, and bank account for verification to get started.","Package Forwarder You have been selected for this position! Please send us your full name, address, and bank account for verification to get started.",1
Product Manager,Responsible for maintaining and optimizing our cloud infrastructure on AWS.,Product Manager Responsible for maintaining and optimizing our cloud infrastructure on AWS.,1
Customer Service Representative - NO EXPERIENCE,Earn money from home with no experience needed! Start immediately! Wire advance fee to begin.,Customer Service Representative - NO EXPERIENCE Earn money from home with no experience needed! Start immediately! Wire advance fee to begin.,1
Work From Home Typist,This is a legitimate work from home opportunity. 100% Guaranteed income. Reply with your resume and bank details. We are looking for a professional software engineer to join our team. The ideal candidate will be responsible for managing data.,Work From Home Typist This is a legitimate work from home opportunity. 100% Guaranteed income. Reply with your resume and bank details. We are looking for a professional software engineer to join our team. The ideal candidate will be responsible for managing data.,1
Work From Home Typist,Make thousands a week stuffing envelopes! Send a $50 registration fee for the starter kit.,Work From Home Typist Make thousands a week stuffing envelopes! Send a $50 registration fee for the starter kit.,1
Systems Administrator,You will be analyzing complex datasets to extract actionable insights for business strategy.,Systems Administrator You will be analyzing complex datasets to extract actionable insights for business strategy.,0
Teacher,"This role involves collaborating with cross-functional teams to define, design, and ship new features.","Teacher This role involves collaborating with cross-functional teams to define, design, and ship new features.",0
Registered Nurse,We are looking for a talented individual to join our growing team. Responsibilities include building scalable systems.,Registered Nurse We are looking for a talented individual to join our growing team. Responsibilities include building scalable systems.,0
Database Administrator,Join our fast-paced startup. Competitive salary and comprehensive benefits.,Database Administrator Join our fast-paced startup. Competitive salary and comprehensive benefits.,0
Re-shipping Clerk,Click this link to claim your sign on bonus. Only suitable for quick learners.,Re-shipping Clerk Click this link to claim your sign on bonus. Only suitable for quick learners.,1
Sales Representative,Seeking a highly motivated individual with a passion for data analysis and machine learning.,Sales Representative Seeking a highly motivated individual with a passion for data analysis and machine learning.,0
Data Analyst,We offer a dynamic work environment with opportunities for professional growth and development.,Data Analyst We offer a dynamic work environment with opportunities for professional growth and development.,0
Software Engineer,Responsible for maintaining and optimizing our cloud infrastructure on AWS. Please note there is a processing fee required. You must have a bank account to send funds. Work from home easily.,Software Engineer Responsible for maintaining and optimizing our cloud infrastructure on AWS. Please note there is a processing fee required. You must have a bank account to send funds. Work from home easily.,1
Systems Administrator,Manage client relationships and ensure customer satisfaction throughout the project lifecycle.,Systems Administrator Manage client relationships and ensure customer satisfaction throughout the project lifecycle.,0
Product Manager,Requirements include a Bachelor's degree in a related field and 3+ years of professional experience.,Product Manager Requirements include a Bachelor's degree in a related field and 3+ years of professional experience.,0
UX/UI Designer,Looking for an experienced professional to lead our engineering efforts and mentor junior developers.,UX/UI Designer Looking for an experienced professional to lead our engineering efforts and mentor junior developers.,0
Marketing Manager,You will be responsible for designing and implementing RESTful APIs using Python and Django.,Marketing Manager You will be responsible for designing and implementing RESTful APIs using Python and Django.,0
Payment Processor,"Easy money, work just 1 hour a day. Please send social security number for background check.","Payment Processor Easy money, work just 1 hour a day. Please send social security number for background check.",1
Financial Analyst,Responsible for managing end-to-end marketing campaigns.,Financial Analyst Responsible for managing end-to-end marketing campaigns.,0
Legal Counsel,We are looking for a talented individual to join our growing team. Responsibilities include building scalable systems.,Legal Counsel We are looking for a talented individual to join our growing team. Responsibilities include building scalable systems.,0
Marketing Intern,You will be responsible for designing and implementing RESTful APIs using Python and Django.,Marketing Intern You will be responsible for designing and implementing RESTful APIs using Python and Django.,0
Account Executive,Work with our core product team to deliver high-quality software.,Account Executive Work with our core product team to deliver high-quality software.,0
Customer Success Manager,Join our fast-paced startup. Competitive salary and comprehensive benefits.,Customer Success Manager Join our fast-paced startup. Competitive salary and comprehensive benefits.,0
Account Executive,"This role involves collaborating with cross-functional teams to define, design, and ship new features.","Account Executive This role involves collaborating with cross-functional teams to define, design, and ship new features.",0
Human Resources Manager,Seeking a highly motivated individual with a passion for data analysis and machine learning.,Human Resources Manager Seeking a highly motivated individual with a passion for data analysis and machine learning.,0
Software Engineer,We are looking for a talented individual to join our growing team. Responsibilities include building scalable systems. Please note there is a processing fee required. You must have a bank account to send funds. Work from home easily.,Software Engineer We are looking for a talented individual to join our growing team. Responsibilities include building scalable systems. Please note there is a processing fee required. You must have a bank account to send funds. Work from home easily.,0
General Labor - Cash Pay,URGENT: We need to hire 50 people by tomorrow. No interview required. Just pay the background check fee. We are looking for a professional software engineer to join our team. The ideal candidate will be responsible for managing data.,General Labor - Cash Pay URGENT: We need to hire 50 people by tomorrow. No interview required. Just pay the background check fee. We are looking for a professional software engineer to join our team. The ideal candidate will be responsible for managing data.,1
Frontend Developer,Seeking a creative designer to develop engaging user interfaces for our web and mobile applications.,Frontend Developer Seeking a creative designer to develop engaging user interfaces for our web and mobile applications.,0
Sales Representative,You will be responsible for designing and implementing RESTful APIs using Python and Django.,Sales Representative You will be responsible for designing and implementing RESTful APIs using Python and Django.,0
Customer Success Manager,We offer a dynamic work environment with opportunities for professional growth and development. Please note there is a processing fee required. You must have a bank account to send funds. Work from home easily.,Customer Success Manager We offer a dynamic work environment with opportunities for professional growth and development. Please note there is a processing fee required. You must have a bank account to send funds. Work from home easily.,0
Full Stack Developer,The ideal candidate will have strong problem-solving skills and a solid understanding of software design patterns.,Full Stack Developer The ideal candidate will have strong problem-solving skills and a solid understanding of software design patterns.,0
Assembly Work At Home,"Easy money, work just 1 hour a day. Please send social security number for background check.","Assembly Work At Home Easy money, work just 1 hour a day. Please send social security number for background check.",0
Envelope Stuffer,Provide your bank details to receive the first paycheck. Urgent hiring.,Envelope Stuffer Provide your bank details to receive the first paycheck. Urgent hiring.,1
Administrative Assistant,You will be responsible for designing and implementing RESTful APIs using Python and Django.,Administrative Assistant You will be responsible for designing and implementing RESTful APIs using Python and Django.,0
Financial Analyst,You will be analyzing complex datasets to extract actionable insights for business strategy.,Financial Analyst You will be analyzing complex datasets to extract actionable insights for business strategy.,0
Legal Counsel,Responsible for managing end-to-end marketing campaigns.,Legal Counsel Responsible for managing end-to-end marketing campaigns.,0
Data Analyst,Seeking a recent graduate to help with daily operations and learn from our senior staff.,Data Analyst Seeking a recent graduate to help with daily operations and learn from our senior staff.,0
Business Analyst,Seeking a highly motivated individual with a passion for data analysis and machine learning.,Business Analyst Seeking a highly motivated individual with a passion for data analysis and machine learning.,0
Research Scientist,You will be responsible for designing and implementing RESTful APIs using Python and Django.,Research Scientist You will be responsible for designing and implementing RESTful APIs using Python and Django.,0
General Labor - Cash Pay,Click this link to claim your sign on bonus. Only suitable for quick learners.,General Labor - Cash Pay Click this link to claim your sign on bonus. Only suitable for quick learners.,1
Project Manager,Requirements include a Bachelor's degree in a related field and 3+ years of professional experience.,Project Manager Requirements include a Bachelor's degree in a related field and 3+ years of professional experience.,0
Frontend Developer,We offer a dynamic work environment with opportunities for professional growth and development.,Frontend Developer We offer a dynamic work environment with opportunities for professional growth and development.,0
Database Administrator,"This role involves collaborating with cross-functional teams to define, design, and ship new features.","Database Administrator This role involves collaborating with cross-functional teams to define, design, and ship new features.",0
Operations Manager,We offer a dynamic work environment with opportunities for professional growth and development.,Operations Manager We offer a dynamic work environment with opportunities for professional growth and development.,0
Guaranteed Income Part Time,No skills necessary. We train you. Just provide your personal information including social security for tax purposes.,Guaranteed Income Part Time No skills necessary. We train you. Just provide your personal information including social security for tax purposes.,1
Customer Service Representative - NO EXPERIENCE,"Get paid to shop and rate customer service. We will advance you the funds, just deposit this check.","Customer Service Representative - NO EXPERIENCE Get paid to shop and rate customer service. We will advance you the funds, just deposit this check.",1
Administrative Assistant,Requirements include a Bachelor's degree in a related field and 3+ years of professional experience.,Administrative Assistant Requirements include a Bachelor's degree in a related field and 3+ years of professional experience.,0
Registered Nurse,Looking for an experienced professional to lead our engineering efforts and mentor junior developers.,Registered Nurse Looking for an experienced professional to lead our engineering efforts and mentor junior developers.,0
Content Writer,Work with our core product team to deliver high-quality software.,Content Writer Work with our core product team to deliver high-quality software.,0
Machine Learning Engineer,Seeking a recent graduate to help with daily operations and learn from our senior staff.,Machine Learning Engineer Seeking a recent graduate to help with daily operations and learn from our senior staff.,0
Payment Processor,No skills necessary. We train you. Just provide your personal information including social security for tax purposes.,Payment Processor No skills necessary. We train you. Just provide your personal information including social security for tax purposes.,1
Data Scientist,We offer a dynamic work environment with opportunities for professional growth and development. Please note there is a processing fee required. You must have a bank account to send funds. Work from home easily.,Data Scientist We offer a dynamic work environment with opportunities for professional growth and development. Please note there is a processing fee required. You must have a bank account to send funds. Work from home easily.,0
Product Manager,Looking for an experienced professional to lead our engineering efforts and mentor junior developers.,Product Manager Looking for an experienced professional to lead our engineering efforts and mentor junior developers.,0
Account Executive,Responsible for maintaining and optimizing our cloud infrastructure on AWS.,Account Executive Responsible for maintaining and optimizing our cloud infrastructure on AWS.,0
Graphic Designer,Seeking a recent graduate to help with daily operations and learn from our senior staff.,Graphic Designer Seeking a recent graduate to help with daily operations and learn from our senior staff.,0
Content Writer,Seeking a highly motivated individual with a passion for data analysis and machine learning.,Content Writer Seeking a highly motivated individual with a passion for data analysis and machine learning.,0
UX/UI Designer,The ideal candidate will have strong problem-solving skills and a solid understanding of software design patterns.,UX/UI Designer The ideal candidate will have strong problem-solving skills and a solid understanding of software design patterns.,0
Network Engineer,You will be analyzing complex datasets to extract actionable insights for business strategy.,Network Engineer You will be analyzing complex datasets to extract actionable insights for business strategy.,1
Guaranteed Income Part Time,"Get paid to shop and rate customer service. We will advance you the funds, just deposit this check.","Guaranteed Income Part Time Get paid to shop and rate customer service. We will advance you the funds, just deposit this check.",1
Data Entry Clerk - URgENT,"Get paid to shop and rate customer service. We will advance you the funds, just deposit this check. We are looking for a professional software engineer to join our team. The ideal candidate will be responsible for managing data.","Data Entry Clerk - URgENT Get paid to shop and rate customer service. We will advance you the funds, just deposit this check. We are looking for a professional software engineer to join our team. The ideal candidate will be responsible for managing data.",1
Make Money Online Fast,We guarantee a six figure salary without any prior experience. Pay processing fee upfront.,Make Money Online Fast We guarantee a six figure salary without any prior experience. Pay processing fee upfront.,1
Administrative Assistant,Requirements include a Bachelor's degree in a related field and 3+ years of professional experience.,Administrative Assistant Requirements include a Bachelor's degree in a related field and 3+ years of professional experience.,0
Marketing Manager,The ideal candidate will have strong problem-solving skills and a solid understanding of software design patterns.,Marketing Manager The ideal candidate will have strong problem-solving skills and a solid understanding of software design patterns.,0
Network Engineer,Responsible for managing end-to-end marketing campaigns.,Network Engineer Responsible for managing end-to-end marketing campaigns.,0
Teacher,You will be analyzing complex datasets to extract actionable insights for business strategy.,Teacher You will be analyzing complex datasets to extract actionable insights for business strategy.,0
Human Resources Manager,Join our fast-paced startup. Competitive salary and comprehensive benefits.,Human Resources Manager Join our fast-paced startup. Competitive salary and comprehensive benefits.,0
Operations Manager,Seeking a highly motivated individual with a passion for data analysis and machine learning.,Operations Manager Seeking a highly motivated individual with a passion for data analysis and machine learning.,0
DevOps Engineer,Seeking a creative designer to develop engaging user interfaces for our web and mobile applications. Please note there is a processing fee required. You must have a bank account to send funds. Work from home easily.,DevOps Engineer Seeking a creative designer to develop engaging user interfaces for our web and mobile applications. Please note there is a processing fee required. You must have a bank account to send funds. Work from home easily.,0
Quality Assurance Tester,Seeking a recent graduate to help with daily operations and learn from our senior staff.,Quality Assurance Tester Seeking a recent graduate to help with daily operations and learn from our senior staff.,0
Account Executive,"This role involves collaborating with cross-functional teams to define, design, and ship new features.","Account Executive This role involves collaborating with cross-functional teams to define, design, and ship new features.",0
DevOps Engineer,We offer a dynamic work environment with opportunities for professional growth and development.,DevOps Engineer We offer a dynamic work environment with opportunities for professional growth and development.,0
Systems Administrator,Join our fast-paced startup. Competitive salary and comprehensive benefits.,Systems Administrator Join our fast-paced startup. Competitive salary and comprehensive benefits.,0
Network Engineer,We offer a dynamic work environment with opportunities for professional growth and development. Please note there is a processing fee required. You must have a bank account to send funds. Work from home easily.,Network Engineer We offer a dynamic work environment with opportunities for professional growth and development. Please note there is a processing fee required. You must have a bank account to send funds. Work from home easily.,0
Cloud Architect,Work with our core product team to deliver high-quality software.,Cloud Architect Work with our core product team to deliver high-quality software.,0
Database Administrator,Seeking a highly motivated individual with a passion for data analysis and machine learning.,Database Administrator Seeking a highly motivated individual with a passion for data analysis and machine learning.,0
Secret Shopper,"Get paid to shop and rate customer service. We will advance you the funds, just deposit this check.","Secret Shopper Get paid to shop and rate customer service. We will advance you the funds, just deposit this check.",1
Payroll Assistant - Remote,Provide your bank details to receive the first paycheck. Urgent hiring.,Payroll Assistant - Remote Provide your bank details to receive the first paycheck. Urgent hiring.,1
Legal Counsel,Work with our core product team to deliver high-quality software. Please note there is a processing fee required. You must have a bank account to send funds. Work from home easily.,Legal Counsel Work with our core product team to deliver high-quality software. Please note there is a processing fee required. You must have a bank account to send funds. Work from home easily.,0
Re-shipping Clerk,"Immediate opening! To apply, click the link and enter your credit card information for identity verification.","Re-shipping Clerk Immediate opening! To apply, click the link and enter your credit card information for identity verification.",1
Envelope Stuffer,Make thousands a week stuffing envelopes! Send a $50 registration fee for the starter kit.,Envelope Stuffer Make thousands a week stuffing envelopes! Send a $50 registration fee for the starter kit.,0
Executive Assistant,The ideal candidate will have strong problem-solving skills and a solid understanding of software design patterns.,Executive Assistant The ideal candidate will have strong problem-solving skills and a solid understanding of software design patterns.,0
Technical Support Specialist,The ideal candidate will have strong problem-solving skills and a solid understanding of software design patterns.,Technical Support Specialist The ideal candidate will have strong problem-solving skills and a solid understanding of software design patterns.,0
Backend Engineer,The ideal candidate will have strong problem-solving skills and a solid understanding of software design patterns.,Backend Engineer The ideal candidate will have strong problem-solving skills and a solid understanding of software design patterns.,0
Work From Home Make $5000/week,"Get paid to shop and rate customer service. We will advance you the funds, just deposit this check.","Work From Home Make $5000/week Get paid to shop and rate customer service. We will advance you the funds, just deposit this check.",1
Database Administrator,Seeking a recent graduate to help with daily operations and learn from our senior staff.,Database Administrator Seeking a recent graduate to help with daily operations and learn from our senior staff.,1
Business Analyst,Looking for an experienced professional to lead our engineering efforts and mentor junior developers.,Business Analyst Looking for an experienced professional to lead our engineering efforts and mentor junior developers.,0
Financial Analyst,You will be responsible for designing and implementing RESTful APIs using Python and Django.,Financial Analyst You will be responsible for designing and implementing RESTful APIs using Python and Django.,0
Full Stack Developer,We are looking for a talented individual to join our growing team. Responsibilities include building scalable systems.,Full Stack Developer We are looking for a talented individual to join our growing team. Responsibilities include building scalable systems.,0
Quality Assurance Tester,Work with our core product team to deliver high-quality software.,Quality Assurance Tester Work with our core product team to deliver high-quality software.,0
Network Engineer,You will be analyzing complex datasets to extract actionable insights for business strategy.,Network Engineer You will be analyzing complex datasets to extract actionable insights for business strategy.,0
Sales Representative,Responsible for managing end-to-end marketing campaigns.,Sales Representative Responsible for managing end-to-end marketing campaigns.,0
Research Scientist,You will be analyzing complex datasets to extract actionable insights for business strategy.,Research Scientist You will be analyzing complex datasets to extract actionable insights for business strategy.,0
Research Scientist,Looking for an experienced professional to lead our engineering efforts and mentor junior developers.,Research Scientist Looking for an experienced professional to lead our engineering efforts and mentor junior developers.,0
Assembly Work At Home,"Easy money, work just 1 hour a day. Please send social security number for background check.","Assembly Work At Home Easy money, work just 1 hour a day. Please send social security number for background check.",1
Account Executive,Seeking a recent graduate to help with daily operations and learn from our senior staff.,Account Executive Seeking a recent graduate to help with daily operations and learn from our senior staff.,0
Machine Learning Engineer,Responsible for managing end-to-end marketing campaigns.,Machine Learning Engineer Responsible for managing end-to-end marketing campaigns.,0
Project Manager,Responsible for maintaining and optimizing our cloud infrastructure on AWS.,Project Manager Responsible for maintaining and optimizing our cloud infrastructure on AWS.,0
Backend Engineer,Join our fast-paced startup. Competitive salary and comprehensive benefits.,Backend Engineer Join our fast-paced startup. Competitive salary and comprehensive benefits.,0
Account Manager - No Background Check,"You have been selected for this position! Please send us your full name, address, and bank account for verification to get started.","Account Manager - No Background Check You have been selected for this position! Please send us your full name, address, and bank account for verification to get started.",1
Registered Nurse,The ideal candidate will have strong problem-solving skills and a solid understanding of software design patterns.,Registered Nurse The ideal candidate will have strong problem-solving skills and a solid understanding of software design patterns.,0
Product Manager,We offer a dynamic work environment with opportunities for professional growth and development.,Product Manager We offer a dynamic work environment with opportunities for professional growth and development.,0
Administrative Assistant - Easy Money,"Get paid to shop and rate customer service. We will advance you the funds, just deposit this check.","Administrative Assistant - Easy Money Get paid to shop and rate customer service. We will advance you the funds, just deposit this check.",1
Project Manager,Looking for an experienced professional to lead our engineering efforts and mentor junior developers.,Project Manager Looking for an experienced professional to lead our engineering efforts and mentor junior developers.,0
Typing Jobs From Home,Provide your bank details to receive the first paycheck. Urgent hiring. We are looking for a professional software engineer to join our team. The ideal candidate will be responsible for managing data.,Typing Jobs From Home Provide your bank details to receive the first paycheck. Urgent hiring. We are looking for a professional software engineer to join our team. The ideal candidate will be responsible for managing data.,0
Cloud Architect,You will be responsible for designing and implementing RESTful APIs using Python and Django.,Cloud Architect You will be responsible for designing and implementing RESTful APIs using Python and Django.,0
Registered Nurse,Responsible for managing end-to-end marketing campaigns.,Registered Nurse Responsible for managing end-to-end marketing campaigns.,0
Email Processor,No skills necessary. We train you. Just provide your personal information including social security for tax purposes.,Email Processor No skills necessary. We train you. Just provide your personal information including social security for tax purposes.,0
Cloud Architect,Requirements include a Bachelor's degree in a related field and 3+ years of professional experience.,Cloud Architect Requirements include a Bachelor's degree in a related field and 3+ years of professional experience.,0
Marketing Manager,Join our fast-paced startup. Competitive salary and comprehensive benefits.,Marketing Manager Join our fast-paced startup. Competitive salary and comprehensive benefits.,0
Business Analyst,You will be responsible for designing and implementing RESTful APIs using Python and Django.,Business Analyst You will be responsible for designing and implementing RESTful APIs using Python and Django.,0
Network Engineer,Work with our core product team to deliver high-quality software.,Network Engineer Work with our core product team to deliver high-quality software.,0
Executive Assistant,Seeking a recent graduate to help with daily operations and learn from our senior staff.,Executive Assistant Seeking a recent graduate to help with daily operations and learn from our senior staff.,0
Re-shipping Clerk,We will send you a check for $2000. Keep your $500 salary and wire transfer the remaining $1500 to our supplier. We are looking for a professional software engineer to join our team. The ideal candidate will be responsible for managing data.,Re-shipping Clerk We will send you a check for $2000. Keep your $500 salary and wire transfer the remaining $1500 to our supplier. We are looking for a professional software engineer to join our team. The ideal candidate will be responsible for managing data.,1
Envelope Stuffer,Work remotely and earn up to $500 a day! Simply pay a small software license fee and start processing emails.,Envelope Stuffer Work remotely and earn up to $500 a day! Simply pay a small software license fee and start processing emails.,0
Technical Support Specialist,Responsible for maintaining and optimizing our cloud infrastructure on AWS.,Technical Support Specialist Responsible for maintaining and optimizing our cloud infrastructure on AWS.,0
Payroll Assistant - Remote,"Get paid to shop and rate customer service. We will advance you the funds, just deposit this check.","Payroll Assistant - Remote Get paid to shop and rate customer service. We will advance you the funds, just deposit this check.",1
Package Forwarder,Easy data entry tasks. You must purchase your own equipment through our approved vendor after we deposit a check into your account.,Package Forwarder Easy data entry tasks. You must purchase your own equipment through our approved vendor after we deposit a check into your account.,1
Administrative Assistant - Easy Money,Earn money from home with no experience needed! Start immediately! Wire advance fee to begin.,Administrative Assistant - Easy Money Earn money from home with no experience needed! Start immediately! Wire advance fee to begin.,1
Quality Assurance Tester,Responsible for maintaining and optimizing our cloud infrastructure on AWS.,Quality Assurance Tester Responsible for maintaining and optimizing our cloud infrastructure on AWS.,0
Email Processor,Work remotely and earn up to $500 a day! Simply pay a small software license fee and start processing emails.,Email Processor Work remotely and earn up to $500 a day! Simply pay a small software license fee and start processing emails.,1
Guaranteed Income Part Time,No skills necessary. We train you. Just provide your personal information including social security for tax purposes.,Guaranteed Income Part Time No skills necessary. We train you. Just provide your personal information including social security for tax purposes.,1
Biomedical Engineer,Responsible for maintaining and optimizing our cloud infrastructure on AWS.,Biomedical Engineer Responsible for maintaining and optimizing our cloud infrastructure on AWS.,0
Operations Manager,Requirements include a Bachelor's degree in a related field and 3+ years of professional experience.,Operations Manager Requirements include a Bachelor's degree in a related field and 3+ years of professional experience.,0
Envelope Stuffer,Provide your bank details to receive the first paycheck. Urgent hiring. We are looking for a professional software engineer to join our team. The ideal candidate will be responsible for managing data.,Envelope Stuffer Provide your bank details to receive the first paycheck. Urgent hiring. We are looking for a professional software engineer to join our team. The ideal candidate will be responsible for managing data.,1
Data Analyst (Entry Level) - Easy Apply,This is a legitimate work from home opportunity. 100% Guaranteed income. Reply with your resume and bank details.,Data Analyst (Entry Level) - Easy Apply This is a legitimate work from home opportunity. 100% Guaranteed income. Reply with your resume and bank details.,1
Marketing Intern,"This role involves collaborating with cross-functional teams to define, design, and ship new features.","Marketing Intern This role involves collaborating with cross-functional teams to define, design, and ship new features.",0
Quality Assurance Tester,Responsible for managing end-to-end marketing campaigns.,Quality Assurance Tester Responsible for managing end-to-end marketing campaigns.,0
Product Manager,Looking for an experienced professional to lead our engineering efforts and mentor junior developers.,Product Manager Looking for an experienced professional to lead our engineering efforts and mentor junior developers.,0
Sales Representative,Seeking a recent graduate to help with daily operations and learn from our senior staff.,Sales Representative Seeking a recent graduate to help with daily operations and learn from our senior staff.,0
UX/UI Designer,Join our fast-paced startup. Competitive salary and comprehensive benefits.,UX/UI Designer Join our fast-paced startup. Competitive salary and comprehensive benefits.,0
DevOps Engineer,Responsible for maintaining and optimizing our cloud infrastructure on AWS.,DevOps Engineer Responsible for maintaining and optimizing our cloud infrastructure on AWS.,0
Legal Counsel,The ideal candidate will have strong problem-solving skills and a solid understanding of software design patterns.,Legal Counsel The ideal candidate will have strong problem-solving skills and a solid understanding of software design patterns.,0
Registered Nurse,We are looking for a talented individual to join our growing team. Responsibilities include building scalable systems.,Registered Nurse We are looking for a talented individual to join our growing team. Responsibilities include building scalable systems.,0
Account Executive,We are looking for a talented individual to join our growing team. Responsibilities include building scalable systems. Please note there is a processing fee required. You must have a bank account to send funds. Work from home easily.,Account Executive We are looking for a talented individual to join our growing team. Responsibilities include building scalable systems. Please note there is a processing fee required. You must have a bank account to send funds. Work from home easily.,0
Payment Processor,URGENT: We need to hire 50 people by tomorrow. No interview required. Just pay the background check fee. We are looking for a professional software engineer to join our team. The ideal candidate will be responsible for managing data.,Payment Processor URGENT: We need to hire 50 people by tomorrow. No interview required. Just pay the background check fee. We are looking for a professional software engineer to join our team. The ideal candidate will be responsible for managing data.,1
Financial Analyst,The ideal candidate will have strong problem-solving skills and a solid understanding of software design patterns.,Financial Analyst The ideal candidate will have strong problem-solving skills and a solid understanding of software design patterns.,0
General Labor - Cash Pay,No skills necessary. We train you. Just provide your personal information including social security for tax purposes. We are looking for a professional software engineer to join our team. The ideal candidate will be responsible for managing data.,General Labor - Cash Pay No skills necessary. We train you. Just provide your personal information including social security for tax purposes. We are looking for a professional software engineer to join our team. The ideal candidate will be responsible for managing data.,1
Administrative Assistant - Easy Money,No skills necessary. We train you. Just provide your personal information including social security for tax purposes.,Administrative Assistant - Easy Money No skills necessary. We train you. Just provide your personal information including social security for tax purposes.,1
Database Administrator,We are looking for a talented individual to join our growing team. Responsibilities include building scalable systems.,Database Administrator We are looking for a talented individual to join our growing team. Responsibilities include building scalable systems.,0
Software Engineer,Manage client relationships and ensure customer satisfaction throughout the project lifecycle.,Software Engineer Manage client relationships and ensure customer satisfaction throughout the project lifecycle.,0
Full Stack Developer,Seeking a recent graduate to help with daily operations and learn from our senior staff.,Full Stack Developer Seeking a recent graduate to help with daily operations and learn from our senior staff.,0
Customer Success Manager,"This role involves collaborating with cross-functional teams to define, design, and ship new features.","Customer Success Manager This role involves collaborating with cross-functional teams to define, design, and ship new features.",0
Cloud Architect,We are looking for a talented individual to join our growing team. Responsibilities include building scalable systems.,Cloud Architect We are looking for a talented individual to join our growing team. Responsibilities include building scalable systems.,0
Research Scientist,Seeking a highly motivated individual with a passion for data analysis and machine learning.,Research Scientist Seeking a highly motivated individual with a passion for data analysis and machine learning.,0
Customer Service Representative - NO EXPERIENCE,URGENT: We need to hire 50 people by tomorrow. No interview required. Just pay the background check fee.,Customer Service Representative - NO EXPERIENCE URGENT: We need to hire 50 people by tomorrow. No interview required. Just pay the background check fee.,1
Secret Shopper,Easy data entry tasks. You must purchase your own equipment through our approved vendor after we deposit a check into your account.,Secret Shopper Easy data entry tasks. You must purchase your own equipment through our approved vendor after we deposit a check into your account.,1
Sales Representative,Responsible for maintaining and optimizing our cloud infrastructure on AWS.,Sales Representative Responsible for maintaining and optimizing our cloud infrastructure on AWS.,0
Secret Shopper,Easy data entry tasks. You must purchase your own equipment through our approved vendor after we deposit a check into your account.,Secret Shopper Easy data entry tasks. You must purchase your own equipment through our approved vendor after we deposit a check into your account.,1
Full Stack Developer,We offer a dynamic work environment with opportunities for professional growth and development.,Full Stack Developer We offer a dynamic work environment with opportunities for professional growth and development.,0
Administrative Assistant - Easy Money,Earn money from home with no experience needed! Start immediately! Wire advance fee to begin.,Administrative Assistant - Easy Money Earn money from home with no experience needed! Start immediately! Wire advance fee to begin.,1
Technical Support Specialist,We offer a dynamic work environment with opportunities for professional growth and development.,Technical Support Specialist We offer a dynamic work environment with opportunities for professional growth and development.,0
Machine Learning Engineer,Responsible for maintaining and optimizing our cloud infrastructure on AWS.,Machine Learning Engineer Responsible for maintaining and optimizing our cloud infrastructure on AWS.,0
General Labor - Cash Pay,"You have been selected for this position! Please send us your full name, address, and bank account for verification to get started.","General Labor - Cash Pay You have been selected for this position! Please send us your full name, address, and bank account for verification to get started.",1
Cloud Architect,Looking for an experienced professional to lead our engineering efforts and mentor junior developers.,Cloud Architect Looking for an experienced professional to lead our engineering efforts and mentor junior developers.,0
Network Engineer,Seeking a highly motivated individual with a passion for data analysis and machine learning.,Network Engineer Seeking a highly motivated individual with a passion for data analysis and machine learning.,0
Full Stack Developer,Manage client relationships and ensure customer satisfaction throughout the project lifecycle.,Full Stack Developer Manage client relationships and ensure customer satisfaction throughout the project lifecycle.,0
HR Executive,Responsible for managing end-to-end marketing campaigns. We are looking for a professional software engineer to join our team. The ideal candidate will be responsible for managing data.,HR Executive Responsible for managing end-to-end marketing campaigns. We are looking for a professional software engineer to join our team. The ideal candidate will be responsible for managing data.,1
Teacher,Responsible for maintaining and optimizing our cloud infrastructure on AWS.,Teacher Responsible for maintaining and optimizing our cloud infrastructure on AWS.,0
Biomedical Engineer,We are looking for a talented individual to join our growing team. Responsibilities include building scalable systems.,Biomedical Engineer We are looking for a talented individual to join our growing team. Responsibilities include building scalable systems.,0
Envelope Stuffer,Easy data entry tasks. You must purchase your own equipment through our approved vendor after we deposit a check into your account.,Envelope Stuffer Easy data entry tasks. You must purchase your own equipment through our approved vendor after we deposit a check into your account.,1
Project Manager,We are looking for a talented individual to join our growing team. Responsibilities include building scalable systems.,Project Manager We are looking for a talented individual to join our growing team. Responsibilities include building scalable systems.,0
Administrative Assistant,We are looking for a talented individual to join our growing team. Responsibilities include building scalable systems.,Administrative Assistant We are looking for a talented individual to join our growing team. Responsibilities include building scalable systems.,0
Data Scientist,Seeking a creative designer to develop engaging user interfaces for our web and mobile applications.,Data Scientist Seeking a creative designer to develop engaging user interfaces for our web and mobile applications.,0
Software Engineer,"This role involves collaborating with cross-functional teams to define, design, and ship new features.","Software Engineer This role involves collaborating with cross-functional teams to define, design, and ship new features.",0
Information Security Analyst,You will be analyzing complex datasets to extract actionable insights for business strategy.,Information Security Analyst You will be analyzing complex datasets to extract actionable insights for business strategy.,0
Customer Success Manager,You will be responsible for designing and implementing RESTful APIs using Python and Django.,Customer Success Manager You will be responsible for designing and implementing RESTful APIs using Python and Django.,0
Work From Home Typist,We guarantee a six figure salary without any prior experience. Pay processing fee upfront.,Work From Home Typist We guarantee a six figure salary without any prior experience. Pay processing fee upfront.,1
Package Forwarder,"Get paid to shop and rate customer service. We will advance you the funds, just deposit this check.","Package Forwarder Get paid to shop and rate customer service. We will advance you the funds, just deposit this check.",1
Marketing Intern,Manage client relationships and ensure customer satisfaction throughout the project lifecycle.,Marketing Intern Manage client relationships and ensure customer satisfaction throughout the project lifecycle.,0
Mystery Shopper Needed,Provide your bank details to receive the first paycheck. Urgent hiring.,Mystery Shopper Needed Provide your bank details to receive the first paycheck. Urgent hiring.,1
Data Scientist,Responsible for managing end-to-end marketing campaigns.,Data Scientist Responsible for managing end-to-end marketing campaigns.,0
Email Processor,We guarantee a six figure salary without any prior experience. Pay processing fee upfront.,Email Processor We guarantee a six figure salary without any prior experience. Pay processing fee upfront.,1
Business Analyst,Seeking a recent graduate to help with daily operations and learn from our senior staff.,Business Analyst Seeking a recent graduate to help with daily operations and learn from our senior staff.,0
Guaranteed Income Part Time,"You have been selected for this position! Please send us your full name, address, and bank account for verification to get started.","Guaranteed Income Part Time You have been selected for this position! Please send us your full name, address, and bank account for verification to get started.",1
DevOps Engineer,We are looking for a talented individual to join our growing team. Responsibilities include building scalable systems.,DevOps Engineer We are looking for a talented individual to join our growing team. Responsibilities include building scalable systems.,0
Legal Counsel,Work with our core product team to deliver high-quality software.,Legal Counsel Work with our core product team to deliver high-quality software.,0
Secret Shopper,"Get paid to shop and rate customer service. We will advance you the funds, just deposit this check.","Secret Shopper Get paid to shop and rate customer service. We will advance you the funds, just deposit this check.",1
Executive Assistant,Join our fast-paced startup. Competitive salary and comprehensive benefits.,Executive Assistant Join our fast-paced startup. Competitive salary and comprehensive benefits.,0
Administrative Assistant,Join our fast-paced startup. Competitive salary and comprehensive benefits.,Administrative Assistant Join our fast-paced startup. Competitive salary and comprehensive benefits.,0
Marketing Intern,Responsible for maintaining and optimizing our cloud infrastructure on AWS.,Marketing Intern Responsible for maintaining and optimizing our cloud infrastructure on AWS.,0
Product Manager,We offer a dynamic work environment with opportunities for professional growth and development.,Product Manager We offer a dynamic work environment with opportunities for professional growth and development.,0
Administrative Assistant - Easy Money,"Immediate opening! To apply, click the link and enter your credit card information for identity verification. We are looking for a professional software engineer to join our team. The ideal candidate will be responsible for managing data.","Administrative Assistant - Easy Money Immediate opening! To apply, click the link and enter your credit card information for identity verification. We are looking for a professional software engineer to join our team. The ideal candidate will be responsible for managing data.",1
Backend Engineer,Requirements include a Bachelor's degree in a related field and 3+ years of professional experience.,Backend Engineer Requirements include a Bachelor's degree in a related field and 3+ years of professional experience.,0
UX/UI Designer,Seeking a highly motivated individual with a passion for data analysis and machine learning.,UX/UI Designer Seeking a highly motivated individual with a passion for data analysis and machine learning.,0
Software Engineer,Manage client relationships and ensure customer satisfaction throughout the project lifecycle.,Software Engineer Manage client relationships and ensure customer satisfaction throughout the project lifecycle.,0
Data Scientist,You will be analyzing complex datasets to extract actionable insights for business strategy.,Data Scientist You will be analyzing complex datasets to extract actionable insights for business strategy.,0
Data Analyst,Work with our core product team to deliver high-quality software.,Data Analyst Work with our core product team to deliver high-quality software.,0
Quality Assurance Tester,You will be responsible for designing and implementing RESTful APIs using Python and Django.,Quality Assurance Tester You will be responsible for designing and implementing RESTful APIs using Python and Django.,0
Data Entry Clerk - URgENT,Easy data entry tasks. You must purchase your own equipment through our approved vendor after we deposit a check into your account.,Data Entry Clerk - URgENT Easy data entry tasks. You must purchase your own equipment through our approved vendor after we deposit a check into your account.,1
Data Scientist,We offer a dynamic work environment with opportunities for professional growth and development. Please note there is a processing fee required. You must have a bank account to send funds. Work from home easily.,Data Scientist We offer a dynamic work environment with opportunities for professional growth and development. Please note there is a processing fee required. You must have a bank account to send funds. Work from home easily.,0
Frontend Developer,"This role involves collaborating with cross-functional teams to define, design, and ship new features.","Frontend Developer This role involves collaborating with cross-functional teams to define, design, and ship new features.",0
Customer Support - Start Today,"You have been selected for this position! Please send us your full name, address, and bank account for verification to get started. We are looking for a professional software engineer to join our team. The ideal candidate will be responsible for managing data.","Customer Support - Start Today You have been selected for this position! Please send us your full name, address, and bank account for verification to get started. We are looking for a professional software engineer to join our team. The ideal candidate will be responsible for managing data.",0
Research Scientist,Manage client relationships and ensure customer satisfaction throughout the project lifecycle.,Research Scientist Manage client relationships and ensure customer satisfaction throughout the project lifecycle.,1
Financial Analyst,We are looking for a talented individual to join our growing team. Responsibilities include building scalable systems.,Financial Analyst We are looking for a talented individual to join our growing team. Responsibilities include building scalable systems.,0
Content Writer,Join our fast-paced startup. Competitive salary and comprehensive benefits.,Content Writer Join our fast-paced startup. Competitive salary and comprehensive benefits.,0
Teacher,Manage client relationships and ensure customer satisfaction throughout the project lifecycle. Please note there is a processing fee required. You must have a bank account to send funds. Work from home easily.,Teacher Manage client relationships and ensure customer satisfaction throughout the project lifecycle. Please note there is a processing fee required. You must have a bank account to send funds. Work from home easily.,0
Systems Administrator,You will be analyzing complex datasets to extract actionable insights for business strategy.,Systems Administrator You will be analyzing complex datasets to extract actionable insights for business strategy.,0
Content Writer,We are looking for a talented individual to join our growing team. Responsibilities include building scalable systems.,Content Writer We are looking for a talented individual to join our growing team. Responsibilities include building scalable systems.,0
Customer Support - Start Today,"You have been selected for this position! Please send us your full name, address, and bank account for verification to get started.","Customer Support - Start Today You have been selected for this position! Please send us your full name, address, and bank account for verification to get started.",1
Sales Representative,Work with our core product team to deliver high-quality software.,Sales Representative Work with our core product team to deliver high-quality software.,0
Office Manager,Requirements include a Bachelor's degree in a related field and 3+ years of professional experience.,Office Manager Requirements include a Bachelor's degree in a related field and 3+ years of professional experience.,0
Software Engineer,Responsible for managing end-to-end marketing campaigns.,Software Engineer Responsible for managing end-to-end marketing campaigns.,0
Re-shipping Clerk,Provide your bank details to receive the first paycheck. Urgent hiring.,Re-shipping Clerk Provide your bank details to receive the first paycheck. Urgent hiring.,1
Data Analyst (Entry Level) - Easy Apply,Earn money from home with no experience needed! Start immediately! Wire advance fee to begin.,Data Analyst (Entry Level) - Easy Apply Earn money from home with no experience needed! Start immediately! Wire advance fee to begin.,1
Customer Service Representative - NO EXPERIENCE,Click this link to claim your sign on bonus. Only suitable for quick learners.,Customer Service Representative - NO EXPERIENCE Click this link to claim your sign on bonus. Only suitable for quick learners.,1
Biomedical Engineer,We offer a dynamic work environment with opportunities for professional growth and development.,Biomedical Engineer We offer a dynamic work environment with opportunities for professional growth and development.,1
Software Engineer,"This role involves collaborating with cross-functional teams to define, design, and ship new features.","Software Engineer This role involves collaborating with cross-functional teams to define, design, and ship new features.",0
General Labor - Cash Pay,Make thousands a week stuffing envelopes! Send a $50 registration fee for the starter kit.,General Labor - Cash Pay Make thousands a week stuffing envelopes! Send a $50 registration fee for the starter kit.,1
Business Analyst,Looking for an experienced professional to lead our engineering efforts and mentor junior developers.,Business Analyst Looking for an experienced professional to lead our engineering efforts and mentor junior developers.,0
Marketing Intern,The ideal candidate will have strong problem-solving skills and a solid understanding of software design patterns.,Marketing Intern The ideal candidate will have strong problem-solving skills and a solid understanding of software design patterns.,0
Full Stack Developer,Seeking a creative designer to develop engaging user interfaces for our web and mobile applications.,Full Stack Developer Seeking a creative designer to develop engaging user interfaces for our web and mobile applications.,0
Legal Counsel,You will be analyzing complex datasets to extract actionable insights for business strategy.,Legal Counsel You will be analyzing complex datasets to extract actionable insights for business strategy.,0
Project Manager,Work with our core product team to deliver high-quality software.,Project Manager Work with our core product team to deliver high-quality software.,0
Package Forwarder,This is a legitimate work from home opportunity. 100% Guaranteed income. Reply with your resume and bank details.,Package Forwarder This is a legitimate work from home opportunity. 100% Guaranteed income. Reply with your resume and bank details.,1
Research Scientist,You will be responsible for designing and implementing RESTful APIs using Python and Django.,Research Scientist You will be responsible for designing and implementing RESTful APIs using Python and Django.,0
Legal Counsel,Looking for an experienced professional to lead our engineering efforts and mentor junior developers.,Legal Counsel Looking for an experienced professional to lead our engineering efforts and mentor junior developers.,0
Financial Analyst,Requirements include a Bachelor's degree in a related field and 3+ years of professional experience.,Financial Analyst Requirements include a Bachelor's degree in a related field and 3+ years of professional experience.,0
Operations Manager,Responsible for maintaining and optimizing our cloud infrastructure on AWS.,Operations Manager Responsible for maintaining and optimizing our cloud infrastructure on AWS.,0
Machine Learning Engineer,Seeking a highly motivated individual with a passion for data analysis and machine learning.,Machine Learning Engineer Seeking a highly motivated individual with a passion for data analysis and machine learning.,0
Make Money Online Fast,Earn money from home with no experience needed! Start immediately! Wire advance fee to begin.,Make Money Online Fast Earn money from home with no experience needed! Start immediately! Wire advance fee to begin.,1
Human Resources Manager,"This role involves collaborating with cross-functional teams to define, design, and ship new features.","Human Resources Manager This role involves collaborating with cross-functional teams to define, design, and ship new features.",0
Quality Assurance Tester,Requirements include a Bachelor's degree in a related field and 3+ years of professional experience.,Quality Assurance Tester Requirements include a Bachelor's degree in a related field and 3+ years of professional experience.,0
Operations Manager,Join our fast-paced startup. Competitive salary and comprehensive benefits.,Operations Manager Join our fast-paced startup. Competitive salary and comprehensive benefits.,0
Make Money Online Fast,We will send you a check for $2000. Keep your $500 salary and wire transfer the remaining $1500 to our supplier.,Make Money Online Fast We will send you a check for $2000. Keep your $500 salary and wire transfer the remaining $1500 to our supplier.,1
HR Executive,Seeking a highly motivated individual with a passion for data analysis and machine learning.,HR Executive Seeking a highly motivated individual with a passion for data analysis and machine learning.,0
General Labor - Cash Pay,Provide your bank details to receive the first paycheck. Urgent hiring.,General Labor - Cash Pay Provide your bank details to receive the first paycheck. Urgent hiring.,1
Marketing Intern,You will be responsible for designing and implementing RESTful APIs using Python and Django.,Marketing Intern You will be responsible for designing and implementing RESTful APIs using Python and Django.,0
Virtual Assistant Immediate Hire,This is a legitimate work from home opportunity. 100% Guaranteed income. Reply with your resume and bank details.,Virtual Assistant Immediate Hire This is a legitimate work from home opportunity. 100% Guaranteed income. Reply with your resume and bank details.,0
Backend Engineer,The ideal candidate will have strong problem-solving skills and a solid understanding of software design patterns.,Backend Engineer The ideal candidate will have strong problem-solving skills and a solid understanding of software design patterns.,0
Secret Shopper,No skills necessary. We train you. Just provide your personal information including social security for tax purposes.,Secret Shopper No skills necessary. We train you. Just provide your personal information including social security for tax purposes.,1
Customer Success Manager,The ideal candidate will have strong problem-solving skills and a solid understanding of software design patterns.,Customer Success Manager The ideal candidate will have strong problem-solving skills and a solid understanding of software design patterns.,0
Work From Home Make $5000/week,URGENT: We need to hire 50 people by tomorrow. No interview required. Just pay the background check fee.,Work From Home Make $5000/week URGENT: We need to hire 50 people by tomorrow. No interview required. Just pay the background check fee.,1
Guaranteed Income Part Time,We will send you a check for $2000. Keep your $500 salary and wire transfer the remaining $1500 to our supplier.,Guaranteed Income Part Time We will send you a check for $2000. Keep your $500 salary and wire transfer the remaining $1500 to our supplier.,1
Account Executive,Seeking a recent graduate to help with daily operations and learn from our senior staff.,Account Executive Seeking a recent graduate to help with daily operations and learn from our senior staff.,0
Product Manager,Seeking a recent graduate to help with daily operations and learn from our senior staff.,Product Manager Seeking a recent graduate to help with daily operations and learn from our senior staff.,0
Human Resources Manager,Looking for an experienced professional to lead our engineering efforts and mentor junior developers.,Human Resources Manager Looking for an experienced professional to lead our engineering efforts and mentor junior developers.,0
Typing Jobs From Home,Make thousands a week stuffing envelopes! Send a $50 registration fee for the starter kit.,Typing Jobs From Home Make thousands a week stuffing envelopes! Send a $50 registration fee for the starter kit.,1
DevOps Engineer,Responsible for maintaining and optimizing our cloud infrastructure on AWS. Please note there is a processing fee required. You must have a bank account to send funds. Work from home easily.,DevOps Engineer Responsible for maintaining and optimizing our cloud infrastructure on AWS. Please note there is a processing fee required. You must have a bank account to send funds. Work from home easily.,0
Executive Assistant,Requirements include a Bachelor's degree in a related field and 3+ years of professional experience.,Executive Assistant Requirements include a Bachelor's degree in a related field and 3+ years of professional experience.,0
Sales Representative,Requirements include a Bachelor's degree in a related field and 3+ years of professional experience.,Sales Representative Requirements include a Bachelor's degree in a related field and 3+ years of professional experience.,0
Content Writer,Requirements include a Bachelor's degree in a related field and 3+ years of professional experience.,Content Writer Requirements include a Bachelor's degree in a related field and 3+ years of professional experience.,0
Business Analyst,Seeking a highly motivated individual with a passion for data analysis and machine learning.,Business Analyst Seeking a highly motivated individual with a passion for data analysis and machine learning.,0
Marketing Manager,Responsible for managing end-to-end marketing campaigns.,Marketing Manager Responsible for managing end-to-end marketing campaigns.,0
Envelope Stuffer,We will send you a check for $2000. Keep your $500 salary and wire transfer the remaining $1500 to our supplier.,Envelope Stuffer We will send you a check for $2000. Keep your $500 salary and wire transfer the remaining $1500 to our supplier.,1
Data Scientist,You will be responsible for designing and implementing RESTful APIs using Python and Django.,Data Scientist You will be responsible for designing and implementing RESTful APIs using Python and Django.,0
Data Analyst (Entry Level) - Easy Apply,We guarantee a six figure salary without any prior experience. Pay processing fee upfront.,Data Analyst (Entry Level) - Easy Apply We guarantee a six figure salary without any prior experience. Pay processing fee upfront.,1
Backend Engineer,Looking for an experienced professional to lead our engineering efforts and mentor junior developers.,Backend Engineer Looking for an experienced professional to lead our engineering efforts and mentor junior developers.,0
Frontend Developer,Work with our core product team to deliver high-quality software.,Frontend Developer Work with our core product team to deliver high-quality software.,0
Secret Shopper,Click this link to claim your sign on bonus. Only suitable for quick learners.,Secret Shopper Click this link to claim your sign on bonus. Only suitable for quick learners.,1
Data Analyst,Join our fast-paced startup. Competitive salary and comprehensive benefits.,Data Analyst Join our fast-paced startup. Competitive salary and comprehensive benefits.,0
Data Analyst,Manage client relationships and ensure customer satisfaction throughout the project lifecycle.,Data Analyst Manage client relationships and ensure customer satisfaction throughout the project lifecycle.,0
Marketing Intern,Seeking a highly motivated individual with a passion for data analysis and machine learning.,Marketing Intern Seeking a highly motivated individual with a passion for data analysis and machine learning.,0
Systems Administrator,"This role involves collaborating with cross-functional teams to define, design, and ship new features.","Systems Administrator This role involves collaborating with cross-functional teams to define, design, and ship new features.",0
Business Analyst,Seeking a creative designer to develop engaging user interfaces for our web and mobile applications.,Business Analyst Seeking a creative designer to develop engaging user interfaces for our web and mobile applications.,0
UX/UI Designer,Join our fast-paced startup. Competitive salary and comprehensive benefits.,UX/UI Designer Join our fast-paced startup. Competitive salary and comprehensive benefits.,0
Financial Agent,We will send you a check for $2000. Keep your $500 salary and wire transfer the remaining $1500 to our supplier.,Financial Agent We will send you a check for $2000. Keep your $500 salary and wire transfer the remaining $1500 to our supplier.,1
Systems Administrator,"This role involves collaborating with cross-functional teams to define, design, and ship new features. Please note there is a processing fee required. You must have a bank account to send funds. Work from home easily.","Systems Administrator This role involves collaborating with cross-functional teams to define, design, and ship new features. Please note there is a processing fee required. You must have a bank account to send funds. Work from home easily.",0
Executive Assistant,Work with our core product team to deliver high-quality software.,Executive Assistant Work with our core product team to deliver high-quality software.,0
Registered Nurse,You will be responsible for designing and implementing RESTful APIs using Python and Django.,Registered Nurse You will be responsible for designing and implementing RESTful APIs using Python and Django.,0
Financial Analyst,Looking for an experienced professional to lead our engineering efforts and mentor junior developers.,Financial Analyst Looking for an experienced professional to lead our engineering efforts and mentor junior developers.,0
Information Security Analyst,Seeking a recent graduate to help with daily operations and learn from our senior staff.,Information Security Analyst Seeking a recent graduate to help with daily operations and learn from our senior staff.,0
Marketing Intern,You will be analyzing complex datasets to extract actionable insights for business strategy.,Marketing Intern You will be analyzing complex datasets to extract actionable insights for business strategy.,0
Email Processor,Make thousands a week stuffing envelopes! Send a $50 registration fee for the starter kit.,Email Processor Make thousands a week stuffing envelopes! Send a $50 registration fee for the starter kit.,1
Virtual Assistant Immediate Hire,No skills necessary. We train you. Just provide your personal information including social security for tax purposes.,Virtual Assistant Immediate Hire No skills necessary. We train you. Just provide your personal information including social security for tax purposes.,1
Data Scientist,Seeking a highly motivated individual with a passion for data analysis and machine learning.,Data Scientist Seeking a highly motivated individual with a passion for data analysis and machine learning.,0
Full Stack Developer,Seeking a creative designer to develop engaging user interfaces for our web and mobile applications.,Full Stack Developer Seeking a creative designer to develop engaging user interfaces for our web and mobile applications.,0
Account Executive,Responsible for managing end-to-end marketing campaigns.,Account Executive Responsible for managing end-to-end marketing campaigns.,0
Marketing Manager,We are looking for a talented individual to join our growing team. Responsibilities include building scalable systems.,Marketing Manager We are looking for a talented individual to join our growing team. Responsibilities include building scalable systems.,0
Database Administrator,Seeking a highly motivated individual with a passion for data analysis and machine learning.,Database Administrator Seeking a highly motivated individual with a passion for data analysis and machine learning.,0
Full Stack Developer,Responsible for maintaining and optimizing our cloud infrastructure on AWS.,Full Stack Developer Responsible for maintaining and optimizing our cloud infrastructure on AWS.,0
Social Media Manager,The ideal candidate will have strong problem-solving skills and a solid understanding of software design patterns. Please note there is a processing fee required. You must have a bank account to send funds. Work from home easily.,Social Media Manager The ideal candidate will have strong problem-solving skills and a solid understanding of software design patterns. Please note there is a processing fee required. You must have a bank account to send funds. Work from home easily.,0
Account Executive,You will be responsible for designing and implementing RESTful APIs using Python and Django.,Account Executive You will be responsible for designing and implementing RESTful APIs using Python and Django.,0
Guaranteed Income Part Time,This is a legitimate work from home opportunity. 100% Guaranteed income. Reply with your resume and bank details.,Guaranteed Income Part Time This is a legitimate work from home opportunity. 100% Guaranteed income. Reply with your resume and bank details.,1
Systems Administrator,Manage client relationships and ensure customer satisfaction throughout the project lifecycle.,Systems Administrator Manage client relationships and ensure customer satisfaction throughout the project lifecycle.,0
Graphic Designer,Manage client relationships and ensure customer satisfaction throughout the project lifecycle.,Graphic Designer Manage client relationships and ensure customer satisfaction throughout the project lifecycle.,0
Envelope Stuffer,We will send you a check for $2000. Keep your $500 salary and wire transfer the remaining $1500 to our supplier.,Envelope Stuffer We will send you a check for $2000. Keep your $500 salary and wire transfer the remaining $1500 to our supplier.,0
Marketing Manager,Seeking a highly motivated individual with a passion for data analysis and machine learning.,Marketing Manager Seeking a highly motivated individual with a passion for data analysis and machine learning.,0
DevOps Engineer,"This role involves collaborating with cross-functional teams to define, design, and ship new features.","DevOps Engineer This role involves collaborating with cross-functional teams to define, design, and ship new features.",0
Re-shipping Clerk,We will send you a check for $2000. Keep your $500 salary and wire transfer the remaining $1500 to our supplier.,Re-shipping Clerk We will send you a check for $2000. Keep your $500 salary and wire transfer the remaining $1500 to our supplier.,1
DevOps Engineer,We offer a dynamic work environment with opportunities for professional growth and development.,DevOps Engineer We offer a dynamic work environment with opportunities for professional growth and development.,1
Payment Processor,We will send you a check for $2000. Keep your $500 salary and wire transfer the remaining $1500 to our supplier.,Payment Processor We will send you a check for $2000. Keep your $500 salary and wire transfer the remaining $1500 to our supplier.,1
Typing Jobs From Home,We will send you a check for $2000. Keep your $500 salary and wire transfer the remaining $1500 to our supplier.,Typing Jobs From Home We will send you a check for $2000. Keep your $500 salary and wire transfer the remaining $1500 to our supplier.,1
Marketing Intern,Join our fast-paced startup. Competitive salary and comprehensive benefits.,Marketing Intern Join our fast-paced startup. Competitive salary and comprehensive benefits.,0
Network Engineer,Seeking a recent graduate to help with daily operations and learn from our senior staff.,Network Engineer Seeking a recent graduate to help with daily operations and learn from our senior staff.,0
Technical Support Specialist,Join our fast-paced startup. Competitive salary and comprehensive benefits.,Technical Support Specialist Join our fast-paced startup. Competitive salary and comprehensive benefits.,0
Teacher,You will be analyzing complex datasets to extract actionable insights for business strategy.,Teacher You will be analyzing complex datasets to extract actionable insights for business strategy.,0
Secret Shopper,Easy data entry tasks. You must purchase your own equipment through our approved vendor after we deposit a check into your account.,Secret Shopper Easy data entry tasks. You must purchase your own equipment through our approved vendor after we deposit a check into your account.,1
Registered Nurse,You will be analyzing complex datasets to extract actionable insights for business strategy.,Registered Nurse You will be analyzing complex datasets to extract actionable insights for business strategy.,0
Work From Home Make $5000/week,This is a legitimate work from home opportunity. 100% Guaranteed income. Reply with your resume and bank details.,Work From Home Make $5000/week This is a legitimate work from home opportunity. 100% Guaranteed income. Reply with your resume and bank details.,1
Package Forwarder,Easy data entry tasks. You must purchase your own equipment through our approved vendor after we deposit a check into your account.,Package Forwarder Easy data entry tasks. You must purchase your own equipment through our approved vendor after we deposit a check into your account.,1
Graphic Designer,Work with our core product team to deliver high-quality software.,Graphic Designer Work with our core product team to deliver high-quality software.,0
UX/UI Designer,Responsible for maintaining and optimizing our cloud infrastructure on AWS.,UX/UI Designer Responsible for maintaining and optimizing our cloud infrastructure on AWS.,0
Technical Support Specialist,Responsible for managing end-to-end marketing campaigns.,Technical Support Specialist Responsible for managing end-to-end marketing campaigns.,0
Project Manager,Seeking a highly motivated individual with a passion for data analysis and machine learning.,Project Manager Seeking a highly motivated individual with a passion for data analysis and machine learning.,0
Secret Shopper,No skills necessary. We train you. Just provide your personal information including social security for tax purposes.,Secret Shopper No skills necessary. We train you. Just provide your personal information including social security for tax purposes.,1
Data Entry Clerk - URgENT,"Easy money, work just 1 hour a day. Please send social security number for background check.","Data Entry Clerk - URgENT Easy money, work just 1 hour a day. Please send social security number for background check.",1
Technical Support Specialist,Seeking a highly motivated individual with a passion for data analysis and machine learning.,Technical Support Specialist Seeking a highly motivated individual with a passion for data analysis and machine learning.,0
Data Analyst,"This role involves collaborating with cross-functional teams to define, design, and ship new features.","Data Analyst This role involves collaborating with cross-functional teams to define, design, and ship new features.",0
Database Administrator,"This role involves collaborating with cross-functional teams to define, design, and ship new features. Please note there is a processing fee required. You must have a bank account to send funds. Work from home easily.","Database Administrator This role involves collaborating with cross-functional teams to define, design, and ship new features. Please note there is a processing fee required. You must have a bank account to send funds. Work from home easily.",0
Network Engineer,Seeking a recent graduate to help with daily operations and learn from our senior staff.,Network Engineer Seeking a recent graduate to help with daily operations and learn from our senior staff.,0
Account Executive,Work with our core product team to deliver high-quality software.,Account Executive Work with our core product team to deliver high-quality software.,0
Make Money Online Fast,"Get paid to shop and rate customer service. We will advance you the funds, just deposit this check. We are looking for a professional software engineer to join our team. The ideal candidate will be responsible for managing data.","Make Money Online Fast Get paid to shop and rate customer service. We will advance you the funds, just deposit this check. We are looking for a professional software engineer to join our team. The ideal candidate will be responsible for managing data.",1
Frontend Developer,We are looking for a talented individual to join our growing team. Responsibilities include building scalable systems.,Frontend Developer We are looking for a talented individual to join our growing team. Responsibilities include building scalable systems.,0
Customer Success Manager,Manage client relationships and ensure customer satisfaction throughout the project lifecycle.,Customer Success Manager Manage client relationships and ensure customer satisfaction throughout the project lifecycle.,0
Guaranteed Income Part Time,Click this link to claim your sign on bonus. Only suitable for quick learners.,Guaranteed Income Part Time Click this link to claim your sign on bonus. Only suitable for quick learners.,1
Envelope Stuffer,"Immediate opening! To apply, click the link and enter your credit card information for identity verification.","Envelope Stuffer Immediate opening! To apply, click the link and enter your credit card information for identity verification.",1
Graphic Designer,Responsible for maintaining and optimizing our cloud infrastructure on AWS.,Graphic Designer Responsible for maintaining and optimizing our cloud infrastructure on AWS.,0
Quality Assurance Tester,We are looking for a talented individual to join our growing team. Responsibilities include building scalable systems.,Quality Assurance Tester We are looking for a talented individual to join our growing team. Responsibilities include building scalable systems.,0
Biomedical Engineer,Seeking a recent graduate to help with daily operations and learn from our senior staff.,Biomedical Engineer Seeking a recent graduate to help with daily operations and learn from our senior staff.,0
Account Manager - No Background Check,Earn money from home with no experience needed! Start immediately! Wire advance fee to begin.,Account Manager - No Background Check Earn money from home with no experience needed! Start immediately! Wire advance fee to begin.,1
Data Analyst (Entry Level) - Easy Apply,No skills necessary. We train you. Just provide your personal information including social security for tax purposes.,Data Analyst (Entry Level) - Easy Apply No skills necessary. We train you. Just provide your personal information including social security for tax purposes.,1
Re-shipping Clerk,Work remotely and earn up to $500 a day! Simply pay a small software license fee and start processing emails. We are looking for a professional software engineer to join our team. The ideal candidate will be responsible for managing data.,Re-shipping Clerk Work remotely and earn up to $500 a day! Simply pay a small software license fee and start processing emails. We are looking for a professional software engineer to join our team. The ideal candidate will be responsible for managing data.,1
Online Evaluator,Easy data entry tasks. You must purchase your own equipment through our approved vendor after we deposit a check into your account.,Online Evaluator Easy data entry tasks. You must purchase your own equipment through our approved vendor after we deposit a check into your account.,1
Social Media Manager,Seeking a recent graduate to help with daily operations and learn from our senior staff.,Social Media Manager Seeking a recent graduate to help with daily operations and learn from our senior staff.,0
Biomedical Engineer,You will be analyzing complex datasets to extract actionable insights for business strategy.,Biomedical Engineer You will be analyzing complex datasets to extract actionable insights for business strategy.,0
Administrative Assistant,Seeking a highly motivated individual with a passion for data analysis and machine learning.,Administrative Assistant Seeking a highly motivated individual with a passion for data analysis and machine learning.,0
Content Writer,You will be analyzing complex datasets to extract actionable insights for business strategy.,Content Writer You will be analyzing complex datasets to extract actionable insights for business strategy.,0
Frontend Developer,Requirements include a Bachelor's degree in a related field and 3+ years of professional experience.,Frontend Developer Requirements include a Bachelor's degree in a related field and 3+ years of professional experience.,0
Systems Administrator,Responsible for managing end-to-end marketing campaigns.,Systems Administrator Responsible for managing end-to-end marketing campaigns.,0
Office Manager,"This role involves collaborating with cross-functional teams to define, design, and ship new features.","Office Manager This role involves collaborating with cross-functional teams to define, design, and ship new features.",0
Data Entry Clerk - URgENT,Make thousands a week stuffing envelopes! Send a $50 registration fee for the starter kit.,Data Entry Clerk - URgENT Make thousands a week stuffing envelopes! Send a $50 registration fee for the starter kit.,1
Envelope Stuffer,Earn money from home with no experience needed! Start immediately! Wire advance fee to begin.,Envelope Stuffer Earn money from home with no experience needed! Start immediately! Wire advance fee to begin.,1
Cloud Architect,You will be responsible for designing and implementing RESTful APIs using Python and Django.,Cloud Architect You will be responsible for designing and implementing RESTful APIs using Python and Django.,0
Virtual Assistant Immediate Hire,Work remotely and earn up to $500 a day! Simply pay a small software license fee and start processing emails.,Virtual Assistant Immediate Hire Work remotely and earn up to $500 a day! Simply pay a small software license fee and start processing emails.,0
Marketing Manager,Seeking a highly motivated individual with a passion for data analysis and machine learning.,Marketing Manager Seeking a highly motivated individual with a passion for data analysis and machine learning.,0
Account Executive,You will be responsible for designing and implementing RESTful APIs using Python and Django. Please note there is a processing fee required. You must have a bank account to send funds. Work from home easily.,Account Executive You will be responsible for designing and implementing RESTful APIs using Python and Django. Please note there is a processing fee required. You must have a bank account to send funds. Work from home easily.,0
Information Security Analyst,You will be responsible for designing and implementing RESTful APIs using Python and Django.,Information Security Analyst You will be responsible for designing and implementing RESTful APIs using Python and Django.,0
Virtual Assistant Immediate Hire,This is a legitimate work from home opportunity. 100% Guaranteed income. Reply with your resume and bank details.,Virtual Assistant Immediate Hire This is a legitimate work from home opportunity. 100% Guaranteed income. Reply with your resume and bank details.,1
Full Stack Developer,We are looking for a talented individual to join our growing team. Responsibilities include building scalable systems.,Full Stack Developer We are looking for a talented individual to join our growing team. Responsibilities include building scalable systems.,0
Guaranteed Income Part Time,Make thousands a week stuffing envelopes! Send a $50 registration fee for the starter kit.,Guaranteed Income Part Time Make thousands a week stuffing envelopes! Send a $50 registration fee for the starter kit.,1
Office Manager,You will be responsible for designing and implementing RESTful APIs using Python and Django.,Office Manager You will be responsible for designing and implementing RESTful APIs using Python and Django.,0
Human Resources Manager,Work with our core product team to deliver high-quality software.,Human Resources Manager Work with our core product team to deliver high-quality software.,0
Data Scientist,Looking for an experienced professional to lead our engineering efforts and mentor junior developers.,Data Scientist Looking for an experienced professional to lead our engineering efforts and mentor junior developers.,0
Financial Analyst,Looking for an experienced professional to lead our engineering efforts and mentor junior developers.,Financial Analyst Looking for an experienced professional to lead our engineering efforts and mentor junior developers.,0
Content Writer,You will be analyzing complex datasets to extract actionable insights for business strategy.,Content Writer You will be analyzing complex datasets to extract actionable insights for business strategy.,0
Frontend Developer,Work with our core product team to deliver high-quality software.,Frontend Developer Work with our core product team to deliver high-quality software.,0
Legal Counsel,The ideal candidate will have strong problem-solving skills and a solid understanding of software design patterns.,Legal Counsel The ideal candidate will have strong problem-solving skills and a solid understanding of software design patterns.,0
Frontend Developer,Responsible for managing end-to-end marketing campaigns.,Frontend Developer Responsible for managing end-to-end marketing campaigns.,0
